id,category,question,answer,keywords,source
1,About Us,Who are you?,We are Numero — a team of passionate technologists and healthcare enthusiasts building India's leading medical conference platform. Since 2016 we've helped 500+ societies digitize their events and grow their communities.,about us who company numero team,general
2,About Us,What does your company do?,We specialize in end-to-end medical conference management — from building stunning society websites to handling registrations abstract reviews analytics and on-site execution. Think of us as your tech partner for medical events.,company what do services overview,general
3,About Us,What is your mission?,Our mission is to empower medical societies with intelligent technology so they can focus on advancing healthcare — not wrestling with spreadsheets and logistics.,mission vision purpose goal,general
4,About Us,Where are you based?,We're headquartered in India with teams supporting conferences across major cities including Mumbai Delhi Bangalore Chennai Hyderabad and Kolkata.,location office based where headquarters india,general
5,About Us,How long have you been operating?,We've been in operation since 2016 — that's nearly a decade of powering medical conferences. In that time we've grown from a small startup to serving 500+ societies nationwide.,how long years experience history founded,general
6,Services,What services do you offer?,We offer six core services: Conference Websites with CME integration Delegate Registration with secure payments Abstract Management with peer review Accommodation booking Membership Management and full Managed Services for societies.,services offer provide what do,index.html
7,Services,Tell me about conference websites.,Our conference websites are fully branded CME-integrated portals that serve as the digital hub for your event — featuring schedules speaker profiles live updates and seamless registration links.,website conference portal cms digital,index.html
8,Services,How does delegate registration work?,Our registration module supports multi-tier ticketing (specialists residents students) with secure payment gateways automatic e-badge generation and real-time attendee tracking.,registration delegate sign up tickets payment,index.html
9,Services,What is abstract management?,Our abstract management system handles the full lifecycle — from submission to peer review to acceptance. Organizers can track funnels assign reviewers and manage oral and poster sessions all in one place.,abstract management submission review peer,index.html
10,Services,Tell me about accommodation booking.,We integrate hotel booking directly into the conference platform — delegates can browse partner hotels compare pre-negotiated rates and reserve rooms in just a few clicks.,accommodation hotel booking rooms stay,index.html
11,Services,How does membership management work?,Our membership engine runs 365 days a year — tracking credentials automating renewal reminders managing CME credits and maintaining a searchable member directory.,membership renewal credentials directory members,index.html
12,Services,What are managed services?,Our managed services team handles everything behind the scenes — sponsorship procurement vendor coordination on-site logistics and execution — so your committee can focus on the science.,managed services sponsorship vendor logistics,index.html
13,Analytics,How does the analytics dashboard work?,We provide two powerful dashboards: a Doctor Dashboard for tracking submissions specialties and trends and an Organizer Dashboard for monitoring conference health reviewer workload and room assignments.,analytics dashboard data insights reports,dashboards
14,Analytics,What can doctors see on their dashboard?,Doctors get a bird's-eye view of their submission history acceptance rates trending specialties upcoming conferences and personalized recommendations based on their activity patterns.,doctor dashboard analytics submissions trends,dashboards
15,Analytics,What can organizers see?,Organizers see live conference stats — submission funnels reviewer workloads attendee numbers room mapping intelligence and AI-powered alerts when something needs attention.,organizer dashboard conference status live,dashboards
16,Analytics,What is the acceptance rate for abstracts?,Acceptance rates vary by specialty and year. On average it's around 65-70%. Cardiology tends to have the highest rates while emerging fields like Genomics are competitive but growing fast.,acceptance rate percentage abstracts approved,dashboards
17,Analytics,What specialties are trending?,Genomics is currently the fastest-growing specialty with strong year-over-year growth. Neurology and Radiology are also seeing healthy increases. Cardiology leads overall in volume.,trending specialties topics growth genomics,dashboards
18,Analytics,How does the coverage radar work?,The Coverage Radar is a visual tool that compares quality scores across specialties between years — helping organizers spot improvements and identify areas that need more attention.,radar coverage quality score comparison,dashboards
19,Conference,What conferences are upcoming?,We typically have several conferences in the pipeline across India. Current upcoming events span specialties like Cardiology Oncology Neuroscience and Pediatrics in cities like Mumbai Delhi Bangalore and Chennai.,upcoming conferences events schedule dates,dashboards
20,Conference,Which cities host the most conferences?,Mumbai leads as our top conference hub followed by Delhi and Bangalore. Chennai Hyderabad and Kolkata also host significant events throughout the year.,cities locations venues mumbai delhi bangalore,dashboards
21,Conference,How do conferences get organized?,Our platform guides organizers through every step — setting up the event site opening abstract submissions managing reviews coordinating accommodation and running day-of logistics.,organize conference setup plan manage how,dashboards
22,Abstracts,How does abstract submission work?,Authors submit through our platform selecting their specialty and topic. Submissions go through an automated workflow: Invited → Submitted → Under Review → Accepted/Rejected.,abstract submission process funnel how,dashboards
23,Abstracts,How are abstracts reviewed?,We assign peer reviewers based on expertise and track their workload in real-time. The system flags overloaded reviewers and ensures fair distribution. Review completion rates consistently exceed 85%.,review peer reviewer workload scoring,dashboards
24,Abstracts,What is the abstract pipeline?,The pipeline tracks every abstract from invitation through final decision — showing how many are submitted under review accepted or rejected at any given moment.,pipeline status accepted rejected pending,dashboards
25,Room Mapping,How does room mapping work?,Our intelligent room mapping assigns presentations to venues based on topic quality and audience size. Top-rated abstracts get premium halls while workshops go to specialized bays.,room mapping conference halls venue tier,dashboards
26,Follow-up,How does doctor follow-up work?,The platform identifies past submitters who haven't responded to current invitations and prioritizes them by engagement history. Organizers can send targeted nudge notifications with one click.,follow-up doctors priority nudge notification,dashboards
27,Insights,What insights does the platform provide?,Our AI engine surfaces actionable alerts — like reviewer overload warnings submission velocity drops specialty gaps and smart recommendations for optimizing your conference program.,insights alerts recommendations AI automated,dashboards
28,Platform,What are your platform stats?,500+ conferences managed 2.5 lakh delegates served 99% uptime and a 4.9/5 client rating. We've seen consistent double-digit growth year over year.,stats numbers conferences delegates uptime,index.html
29,Platform,Why should I choose Numero?,Four reasons: data-driven strategic insights personalized engagement intelligence transparent measurable outcomes and cutting-edge AI-powered analytics. We don't just manage conferences — we make them smarter.,why choose benefits advantages platform,index.html
30,Platform,Is the platform secure?,Absolutely. We maintain 99% uptime with secure payment gateways data protection compliance and role-based access controls. Security and compliance documentation is available on request.,security secure safe data privacy compliance,index.html
31,Registration,How do I register for a conference?,Visit the conference page and click Register. Choose your tier (specialist resident or student) complete payment and you'll receive your e-badge and confirmation instantly.,register conference delegate attendee how,index.html
32,Demo,How do I request a demo?,Click 'Book Demo' on our website and fill in your details. Our team will schedule a personalized walkthrough tailored to your society's needs — usually within 48 hours.,demo request book trial show,index.html
33,Testimonials,What do your clients say?,Our clients love the transformation. Dr. Sarah Mitchell says we've changed how they manage conferences. Prof. James Chen calls our registration seamless. And Ms. Victoria Rodriguez praises our analytics insights.,testimonials reviews clients feedback,index.html
34,Pricing,How much does the platform cost?,Pricing is flexible based on your society's size number of conferences and the services you need. We recommend booking a demo for a tailored quote — there's no one-size-fits-all.,pricing cost price plans subscription,index.html
35,Contact,How can I contact you?,You can reach us through the 'Book Demo' button on our website email us at hello@numero.in or use our support portal if you're an existing client.,contact email phone support reach,index.html
36,CME,What about CME credits?,Our platform is fully CME-integrated. Conference websites track credit hours and our membership module maintains a running tally of each doctor's CME progress for professional development.,CME credits continuing medical education,index.html
37,Greetings,Hello,Hello! 👋 I'm the Numero AI assistant. I can help you with information about our services analytics conferences and more. What would you like to know?,hello hi hey greetings welcome,general
38,Greetings,Thank you,You're welcome! If you have more questions feel free to ask anytime. Have a wonderful day! 😊,thanks thank you bye goodbye,general
39,About Us,What makes you different?,Unlike generic event tools we're built specifically for medical conferences. We understand peer review CME compliance specialty-level analytics and the unique needs of medical societies.,different unique special competitive advantage,general
40,About Us,Do you work with international conferences?,Currently we're focused on India's medical conference ecosystem but our platform is designed to scale. We've supported events with international speakers and are exploring global expansion.,international global overseas expand,general
